{
  "f05_ensemble": 0.9004890290200116,
  "f05_hard_AB": 0.9086909302645094,
  "f05_hard_3": 0.9090736872623763,
  "f05_soft_3": 0.9144691569178965,
  "subit_score_hard3": 0.6139854148039955,
  "subit_score_soft3": 0.6039540983586162,
  "entropy_mean": 0.09766814857721329,
  "entropy_high_pct": 0.33009415949524845
}